{
  "project_info": {
    "project_number": "501872086354",
    "project_id": "travelbuddy-2bd69",
    "storage_bucket": "travelbuddy-2bd69.appspot.com"
  },
  "client": [
    {
      "client_info": {
        "mobilesdk_app_id": "1:501872086354:android:5e69740cdf5b022f8bfe8b",
        "android_client_info": {
          "package_name": "com.example.travelbuddy"
        }
      },
      "oauth_client": [
        {
          "client_id": "501872086354-lpssunfvhrp0qmfvjsd49fdbn14ghpiu.apps.googleusercontent.com",
          "client_type": 3
        }
      ],
      "api_key": [
        {
          "current_key": "AIzaSyDD6Qao4XvmG-POfWePH0PK7-5R0rkjmuI"
        }
      ],
      "services": {
        "appinvite_service": {
          "other_platform_oauth_client": [
            {
              "client_id": "501872086354-lpssunfvhrp0qmfvjsd49fdbn14ghpiu.apps.googleusercontent.com",
              "client_type": 3
            }
          ]
        }
      }
    }
  ],
  "configuration_version": "1"
}